{
    "id": "b7b774ad-2454-4e41-a04f-3e600cb6fef0",
    "scene_width": 64000,
    "scene_height": 64000,
    "nodes": [
        {
            "id": "9af0e54b-9162-499c-853d-9eea35fa6285",
            "title": "Sequence",
            "pos_x": 224.99999999999997,
            "pos_y": -346.87499999999994,
            "inputs": [
                {
                    "id": 2429284752400,
                    "index": 0,
                    "multi_edges": false,
                    "position": 2,
                    "socket_type": 1
                }
            ],
            "outputs": [
                {
                    "id": 2429284752352,
                    "index": 0,
                    "multi_edges": true,
                    "position": 5,
                    "socket_type": 1
                }
            ],
            "content": {
                "value": "Desc.."
            },
            "op_code": 2
        },
        {
            "id": "a08ae7a3-5085-441b-9a2a-cba1063bbddf",
            "title": "Fallback",
            "pos_x": 6.249999999999999,
            "pos_y": -137.49999999999997,
            "inputs": [
                {
                    "id": 2429284752592,
                    "index": 0,
                    "multi_edges": false,
                    "position": 2,
                    "socket_type": 1
                }
            ],
            "outputs": [
                {
                    "id": 2429284752640,
                    "index": 0,
                    "multi_edges": true,
                    "position": 5,
                    "socket_type": 1
                }
            ],
            "content": {
                "value": "Desc.."
            },
            "op_code": 1
        },
        {
            "id": "486d4f9f-265a-4ea6-9940-91943a624fc4",
            "title": "Fallback",
            "pos_x": 439.06249999999994,
            "pos_y": -142.18749999999997,
            "inputs": [
                {
                    "id": 2429284752928,
                    "index": 0,
                    "multi_edges": false,
                    "position": 2,
                    "socket_type": 1
                }
            ],
            "outputs": [
                {
                    "id": 2429284753072,
                    "index": 0,
                    "multi_edges": true,
                    "position": 5,
                    "socket_type": 1
                }
            ],
            "content": {
                "value": "Desc.."
            },
            "op_code": 1
        },
        {
            "id": "22a7b362-326e-40bb-92e2-d6750d030dbf",
            "title": "No_emergency?",
            "pos_x": -103.12499999999999,
            "pos_y": 164.06249999999997,
            "inputs": [
                {
                    "id": 2429284753264,
                    "index": 0,
                    "multi_edges": false,
                    "position": 2,
                    "socket_type": 1
                }
            ],
            "outputs": [],
            "content": {
                "value": "No_emergency?"
            },
            "op_code": 11
        },
        {
            "id": "ab1d70f2-7079-45a0-831a-5916c8c5d137",
            "title": "Sequence",
            "pos_x": 124.99999999999997,
            "pos_y": 24.999999999999996,
            "inputs": [
                {
                    "id": 2429284753552,
                    "index": 0,
                    "multi_edges": false,
                    "position": 2,
                    "socket_type": 1
                }
            ],
            "outputs": [
                {
                    "id": 2429284753744,
                    "index": 0,
                    "multi_edges": true,
                    "position": 5,
                    "socket_type": 1
                }
            ],
            "content": {
                "value": "Desc.."
            },
            "op_code": 2
        },
        {
            "id": "6d0f1ac8-5fd4-450f-b255-d2eee512cf11",
            "title": "Assist_patient",
            "pos_x": 90.62499999999999,
            "pos_y": 181.24999999999997,
            "inputs": [
                {
                    "id": 2429284754800,
                    "index": 0,
                    "multi_edges": false,
                    "position": 2,
                    "socket_type": 1
                }
            ],
            "outputs": [],
            "content": {
                "value": "Assist_patient"
            },
            "op_code": 34
        },
        {
            "id": "74c4080b-f029-42b9-8fb0-21e361f8a343",
            "title": "Move_to_medicine",
            "pos_x": 207.81249999999997,
            "pos_y": 182.81249999999997,
            "inputs": [
                {
                    "id": 2429284755376,
                    "index": 0,
                    "multi_edges": false,
                    "position": 2,
                    "socket_type": 1
                }
            ],
            "outputs": [],
            "content": {
                "value": "Move_to_medicine"
            },
            "op_code": 37
        },
        {
            "id": "9899802e-0a55-4b16-9144-70d05f1552a5",
            "title": "Medicine_with_patient?",
            "pos_x": 351.56249999999994,
            "pos_y": 26.562499999999993,
            "inputs": [
                {
                    "id": 2429284755664,
                    "index": 0,
                    "multi_edges": false,
                    "position": 2,
                    "socket_type": 1
                }
            ],
            "outputs": [],
            "content": {
                "value": "Medicine_with_patient?"
            },
            "op_code": 35
        },
        {
            "id": "412e36f0-c970-4b27-860c-7e6f8cbd7b2d",
            "title": "Sequence",
            "pos_x": 562.4999999999999,
            "pos_y": 23.437499999999996,
            "inputs": [
                {
                    "id": 2429149747328,
                    "index": 0,
                    "multi_edges": false,
                    "position": 2,
                    "socket_type": 1
                }
            ],
            "outputs": [
                {
                    "id": 2429149746944,
                    "index": 0,
                    "multi_edges": true,
                    "position": 5,
                    "socket_type": 1
                }
            ],
            "content": {
                "value": "Desc.."
            },
            "op_code": 2
        },
        {
            "id": "035634dc-e246-46b3-9f9f-dad6077ff346",
            "title": "Fallback",
            "pos_x": 496.8749999999999,
            "pos_y": 176.56249999999997,
            "inputs": [
                {
                    "id": 2429147914768,
                    "index": 0,
                    "multi_edges": false,
                    "position": 2,
                    "socket_type": 1
                }
            ],
            "outputs": [
                {
                    "id": 2429148711536,
                    "index": 0,
                    "multi_edges": true,
                    "position": 5,
                    "socket_type": 1
                }
            ],
            "content": {
                "value": "Desc.."
            },
            "op_code": 1
        },
        {
            "id": "96f034a1-a717-4b63-abd2-edb2f73500d5",
            "title": "Fallback",
            "pos_x": 771.8749999999999,
            "pos_y": 181.24999999999997,
            "inputs": [
                {
                    "id": 2429284754464,
                    "index": 0,
                    "multi_edges": false,
                    "position": 2,
                    "socket_type": 1
                }
            ],
            "outputs": [
                {
                    "id": 2429284754752,
                    "index": 0,